coef.asv_dist,coef.pval,r.squared,F.test
0.8742550782028249,0.557,6.0928199054455234e-5,0.01669534375815842
0.03692213834919045,0.914,0.914,0.914
