coef.asv_dist,coef.pval,r.squared,F.test
0.8676526687965884,0.721,0.0012348226748806201,0.3387597211022355
0.15633523844670805,0.558,0.558,0.558
